iter	Logloss
0	0.6469533885
1	0.6007896781
