{
  "red_bull_ring": 0.92,
  "hungaroring": 0.96,
  "silverstone": 0.92,
  "catalunya": 0.94,
  "spa": 0.9166666666666666,
  "monza": 0.92,
  "mugello": 1.0,
  "sochi": 0.92,
  "nurburgring": 0.98,
  "portimao": 0.89,
  "imola": 0.975,
  "istanbul": 0.89,
  "bahrain": 0.9,
  "yas_marina": 0.92,
  "monaco": 1.0,
  "baku": 0.92,
  "ricard": 0.88,
  "zandvoort": 0.91,
  "americas": 0.8716666666666667,
  "rodriguez": 0.965,
  "interlagos": 0.9216666666666666,
  "losail": 0.92,
  "jeddah": 0.93,
  "albert_park": 0.9833333333333333,
  "miami": 0.92,
  "villeneuve": 0.88,
  "marina_bay": 0.9333333333333333,
  "suzuka": 0.9666666666666667,
  "vegas": 0.9416666666666667,
  "shanghai": 0.88
}